<?xml version="1.0" encoding="UTF-8"?>
<?xml-model href="https://www.dita-ot.org/rng/project.rnc" type="application/relax-ng-compact-syntax"?>
<project xmlns="https://www.dita-ot.org/project">
  <include href="common.xml"/>
  <deliverable name="HTML5" id="html">
    <context idref="html"/>
    <output href="."/>
    <publication transtype="html5">
      <param name="args.copycss" value="yes"/>
      <param name="args.css" value="dita-ot-doc.css"/>
      <param name="args.csspath" value="css"/>
      <param name="args.cssroot" path="../../resources"/>
      <param name="args.gen.task.lbl" value="YES"/>
      <param name="args.hdr" href="../../resources/header.xml"/>
      <param name="html5.toc.generate" value="no"/>
      <param name="nav-toc" value="partial"/>
      <param name="processing-mode" value="strict"/>
    </publication>
  </deliverable>
</project>
